{
    "rmse": 0.7909914602951269,
    "mae": 0.6518806188956069,
    "r2": 0.03168656248791302
}