{
    "rmse": 0.7709973453600435,
    "mae": 0.6313384432272245,
    "r2": 0.08002053274556653
}