{
    "rmse": 0.7912316528923311,
    "mae": 0.6537081310660382,
    "r2": 0.031098396764155267
}