{
    "rmse": 0.7806553470303642,
    "mae": 0.6416776414434437,
    "r2": 0.056827680319394225
}